email,name,age,gender,description
bert@google.com,bertgoog,18,Male,Business analyst from USA with 1 year of experience. Has an associate degree in information technology.  
alex@google.com,alexsmith,28,Male,data scientist from Canada with extensive technical skills. Programmer with 10 years in experience. Has background in Finance applications. 
khalid@google.com,khalidghamdi,43,Male,Business analyst from Saudi Arabia with 20 years of experience. Has a masters degree from KFUPM university. Works in Oil & Gas.  
fatima@google.com,fatimaaldossary,22,Female,Graphics designer from Saudi Arabia with 2 years of experience. Studied abroad in UK for a Graphics Design degree. Works in advertising industry.  
